2026-09-04T08:12:32Z	manual	96443882f09a	96443882f09a	fix/doc-metadata-clean
2026-09-04T08:13:10Z	manual	96443882f09a	96443882f09a	docs-ecosystem-v2
2026-09-04T09:51:16Z	manual	98eb1665d66e	98eb1665d66e	docs-ecosystem-v2
2026-09-04T11:08:31Z	manual	ce034af585b1	ce034af585b1	docs-ecosystem-v2
2026-09-04T11:08:57Z	manual	ce034af585b1	ce034af585b1	feat/eco-gov-final
2026-09-04T11:09:22Z	manual	ce034af585b1	ce034af585b1	feat/eco-gov-final
2026-09-04T11:09:34Z	manual	ce034af585b1	ce034af585b1	feat/eco-gov-final
2026-09-04T11:09:45Z	manual	ce034af585b1	ce034af585b1	feat/eco-gov-final
2026-09-04T11:16:34Z	manual	c0756c1d5301	c0756c1d5301	feat/eco-gov-final
2026-09-04T11:17:06Z	manual	c0756c1d5301	c0756c1d5301	feat/eco-gov-final
2026-09-04T11:17:06Z	manual	c0756c1d5301	c0756c1d5301	feat/eco-gov-final
