wip/agent_governance-agent_a2-closeout-sop-1b25ab729848	1b25ab7298485f722f39f0aeb60e882e7673de85	docs(index): add SOPs pointer to SYSTEM-INDEX.md
wip/agent_governance-agent_a3-precommit-skip-83de82209cec	83de82209ceca444b12b4703a05114e43fceb7d7	fix(gac): A3 — auto-fix-loop closeout-branch skip for retro paths
wip/agent_governance-agent_a4-clash-fleet-cf-6a7123037158	6a71230371589301b7326140576738eee472f7e8	fix(a4): whitelist fleet-watch.sh + refresh-cf-ips.sh external jobs [BET-UNBOUND waiver]
wip/agent_governance-agent_a4-clash-known-orphans-97e0b3a15def	97e0b3a15def04ea772d9edfbdde6a9a394d0b58	fix(cron): whitelist 6 external clash-* host jobs in known_orphans (A4)
wip/agent_governance-agent_a4-mimo-orphan-354727a47748	354727a47748931b6686bd825c0c146bef35841b	fix(a4): mimo-models-sync.sh 分类为 known personal orphan
wip/agent_governance-agent_a4-orphan-fix-86b3c5ebbc29	86b3c5ebbc29a693aa9146ee69b453ce12784113	fix(cron): register mimo-models-sync as known orphan to restore A4 PASS
wip/agent_governance-agent_a9-closeout-2fa91662501c	2fa91662501ca1654b895551b88ab396055d1aa1	feat(ledger): complete BET-Y2Q2-T10-154 A9 strategy retro repair with verified PASS evidence
wip/agent_governance-agent_a9-retro-budget-bootstrap-5bc0f75bfafb	5bc0f75bfafbc3d477d3869d4c4931f18a282786	docs(spec): bind A9 strategy retro full-scan repair
wip/agent_governance-agent_a9-retro-budget-impl-b81a8277e077	b81a8277e0774c6ae1f873055be1c1b78c3b7c9f	docs(governance): add A9 retro full-scan recovery retro
wip/agent_governance-agent_a9-source-root-spec-20260922-e15c2f6fb3e3	e15c2f6fb3e353dc9f7bae18c9e1910cef393421	docs(spec): draft A9 cockpit source workspace-root execution
wip/agent_governance-agent_agora-bump-cee0c684b8a3	cee0c684b8a3ccc507a026c2a29cc6bd92c7429e	chore(submodule): advance agora to 0b51e6b (pep degraded bypass #90)
wip/agent_governance-agent_agora-bump-d9e1ee050c2b	d9e1ee050c2b92df8e2c749061e819dda8ced64a	chore(submodule): advance agora to 0b51e6b (pep degraded bypass #90)
wip/agent_governance-agent_archive-docs-20260919-175f73c281df	175f73c281df358ab7179b9c45c746e0b7cf007d	fix(governance): 排除 archive 路径 — 归档文档豁免 doc-governance frontmatter 检查
wip/agent_governance-agent_archive-docs-20260919-2ca6fad1c97f	2ca6fad1c97fa0a1c2a04aaab7496795736ef000	docs(archive): 归档设计文档入库 — 665 个历史计划/报告/规格
wip/agent_governance-agent_archive-target-test-cleanup-6c93366ce797	6c93366ce797a8f81866b9d7084bab975c24a004	test: remove tests for archived targets
wip/agent_governance-agent_b1-1-retro-full-cda5a1d67ad9	cda5a1d67ad9424ee6500b9d30d63056e945056a	fix(gac): B1.1 — auto-fix-loop retro 全字段扩展 (field+skip 双变体)
wip/agent_governance-agent_b2-cross-repo-0c3d589a0e9d	0c3d589a0e9d196651732510a8305e36097e9863	fix(governance): register bin/closeout-pr.sh in script-registry
wip/agent_governance-agent_bet-y1q4-t10-170-28535d4beba9	28535d4beba9961565e4e98d51d8a032f0f1ab9a	chore(bet): BET-Y1Q4-T10-170 agora fixes + retro + waiver
wip/agent_governance-agent_bet-y1q4-t10-170-agora-62093b7baaf5	62093b7baaf51b27c56b3e0b95eb36a011059153	chore(retros): sync resident retro index and topic summaries
wip/agent_governance-agent_bet-y1q4-t10-170-agora-a7ff2a77cfdc	a7ff2a77cfdcfd4c571639bcd4dd53d0788b5653	docs(retro): add BET-Y2Q2-T8-04 retro and update clash node architecture metadata
wip/agent_governance-agent_bet-y1q4-t10-170-agora-b2552ffa0f58	b2552ffa0f5827c978cf388c6c4682dac0bc40fb	chore(retros): sync resident retro index and generated drafts
wip/agent_governance-agent_bet-y1q4-t10-170-agora-c711c097d87b	c711c097d87b4e11bf535dc6551251194379cd85	docs(scene-card): mark BET-Y1Q2-T7-01 human_gate ready in engineering-delivery-dogfood
wip/agent_governance-agent_bet-y1q4-t10-170-agora-ea3eaffba70b	ea3eaffba70b2d1c21f9d8520bb3c19fc9f45d8a	chore(submodule): bump runtime to kems-v2 EINTR changelog fix
wip/agent_governance-agent_bet-y1q4-t10-170-agora-eade0f17247a	eade0f17247a545d54b2d9f52ccb9923825e1d48	docs(ledger): bind BET-Y2Q2-T8-04 accepted spec and add dashboard write-integrity design doc
wip/agent_governance-agent_bet-y2q2-t5-01-a73e458f155a	a73e458f155afc1122cc957dbc13044622d4a31b	docs(ledger): complete BET-Y2Q2-T5-01 team-mailbox core
wip/agent_governance-agent_bet-y2q2-t5-02-649154f1f7a9	649154f1f7a991fce54511253dd0dddc999100b4	governance(registry): admit opencode-config team-mailbox write root (BET-Y2Q2-T5-02)
wip/agent_governance-agent_bet-y2q2-t5-02wr-5e530a53f3b7	5e530a53f3b7154fd4c145552dc5e1aa4a9e4355	governance(registry): admit opencode-config team-mailbox write root (BET-Y2Q2-T5-02)
wip/agent_governance-agent_bet-y2q2-t5-03-22d4797a5cb5	22d4797a5cb56d330376ca2f283cdc84aad92600	docs(ledger): complete BET-Y2Q2-T5-03 team-mode gating and visualization
wip/agent_governance-agent_bet-y2q2-t5-03-6c01280b6fb6	6c01280b6fb64db26d417dc61f8eb15eda02b485	fix(ledger): properly complete BET-Y2Q2-T5-03 with full evidence
wip/agent_governance-agent_bet-y2q2-t5-ledger-01cc6c450de0	01cc6c450de07034a6a4d154feb501563106f2c4	feat(bet): insert BET-Y2Q2-T5-01/02/03 team-mailbox chain (T5-ORCH)
wip/agent_governance-agent_bet-y2q2-t5-ledger-3a742d4abd99	3a742d4abd999e8008e59654cd26c21249e1ca51	feat(bet): insert BET-Y2Q2-T5-01/02/03 team-mailbox chain (T5-ORCH)
wip/agent_governance-agent_bus-fwd-sync-a99aea8b2bfd	a99aea8b2bfd582bbc895e1dc40d36a2a6ddf0e6	chore(pointers): forward-sync projects/bus-foundation to d2d1186 (PR #6 ruff-format fix)
wip/agent_governance-agent_c2-scene-adaptive-a364a3a0730b	a364a3a0730bf6e59a735599adc80b369a1708d4	feat(ssot): C2.2 — scene-card-autogen (场景自适应生成器)
wip/agent_governance-agent_c3-quarterly-eval-c279af538413	c279af53841356cfffbd26f6a0e5d1cd0f04c82b	docs(report): 2026-Q3 quarterly evaluation — FORWARD-PLAN §C3
wip/agent_governance-agent_claims-graduation-readiness-20260919-62316cb3bc92	62316cb3bc9279e59dfc40e8ccd3a1b9d7432ba9	feat(panorama): compute Claims graduation readiness
wip/agent_governance-agent_claims-lifecycle-ui-20260920-a577e02e54e5	a577e02e54e5386e7d50c2d5c0c0a6a42139d9a6	feat(panorama): expose Claims lifecycle authorization
wip/agent_governance-agent_claims-lifecycle-visibility-recovery-20260920-cd70cb90a6c6	cd70cb90a6c6753b44706185aaaab029fac68b45	fix(panorama): restore Claims lifecycle authorization UI
wip/agent_governance-agent_cockpit-ui-bump-59bbeb0bc47c	59bbeb0bc47c25f8d756c39eef060662d1619989	chore(submodule): bump cockpit-ui to origin/main a6c4835 + allow main-align in guard
wip/agent_governance-agent_dashboard-host-capture-20260920-d886c548ed62	d886c548ed625e80842d6c3a9f5bd3292477adcc	fix(panorama): capture deployed dashboard host assets
wip/agent_governance-agent_dashboard-live-server-capture-20260920-18d68916a62a	18d68916a62ac5ec3777b14249b362e4a120b424	fix(panorama): version dashboard live server assets
wip/agent_governance-agent_debt-close-agent-coord-8fce823d591b	8fce823d591b6d8cd6416c4194f1040e81bcb405	docs(debt): 以可核证据闭环 2 项 high — 多 Agent 协调强制 / gap 声明鸿沟
wip/agent_governance-agent_debt-cron-register-81cb6489b756	81cb6489b7565e2919882a25774edefc890ca6b7	fix(governance): A4 Scheduler 门禁修复 — 补登 debt-review-daily cron 登记 + 声明 clash-probe 外部孤儿
wip/agent_governance-agent_debt-followup-2026-09-20-919264b17615	919264b176150266266c8de58b308fb743db1da1	fix(governance): SUBMODULE_DRIFT 摘除 P43-drift-fix 幽灵引用, 保留真实 PR#351 引用
wip/agent_governance-agent_debt-followup-2026-09-20-ea73e66f157c	ea73e66f157cb97d5cea53013d1cdfa822372930	chore(governance): script_baseline 686→688 — 同步债务治理工具配额 (bin-quota-diff 允许路径, 同 3f4adba9e 先例)
wip/agent_governance-agent_debt-gap-retirement-2026-09-20-7a267eaa81b8	7a267eaa81b8392f1c8a6dca3e75b4c43f62855e	fix(debt): 退役 gap management 系统声明 — 移除从未实现的字段 (#4047)
wip/agent_governance-agent_declare-exec-gate-b9e609339c58	b9e609339c589ece731be5ac2dd396f086d6ff71	docs(governance): 記錄 rule-wiring 42/86 DECL_EXEC_GAP 為鋪定的債務項
wip/agent_governance-agent_doc-governance-stale-baseline-a9ab2c6c49b1	a9ab2c6c49b103cd0c44f5244e47d773bedeaec5	fix(governance): baseline stale_review buckets and refresh omo-surfaces review stamp (P75 CI-debt)
wip/agent_governance-agent_doc-review-0921-e28d888fcae1	e28d888fcae13a7b24c86949aa91011afa6b2520	docs(governance): 真复核 26 篇过期 SSOT 文档 — 4 篇锚定有效, 1 篇发现缺陷入账
wip/agent_governance-agent_docs-lane1-98cad5f71d7b	98cad5f71d7bce67079a22eac75cda95423a3bc3	docs(lane1): fix 4 broken pointers + refresh index counts/registry listing
wip/agent_governance-agent_docs-lane3-0918-ce9a8127dd6a	ce9a8127dd6a6adc106c5a6294aa4c70b56dbbcd	docs(lane3): refresh 7 live docs + fix 4 broken pointers
wip/agent_governance-agent_drift-launchd-02fe758d2a03	02fe758d2a038ad7dda3cace9f3e6b68875aed2c	feat(ops): 织星漂移巡检改由 launchd 承载 — crontab 写入在系统层已坏
wip/agent_governance-agent_e-behavior-drift-tests-b5f64d9a81d2	b5f64d9a81d29c8fe52a2d79c21856dc1753ce09	test: align behaviour-drift tests with current SSOT
wip/agent_governance-agent_e2-sweep-closeout-drift-a97c0d1819d1	a97c0d1819d1a6027ff07e98b779ac4f72147dc4	fix(sweep): regenerate INDEX.md from current <date>.json reports
wip/agent_governance-agent_env-deps-companion-scripts-0197700cb9a2	0197700cb9a27b07ab0fdf847373608092f8ec2c	fix(governance): add ADR-0454 for CR-GAC-TIMEOUT-AUDIT rule
wip/agent_governance-agent_env-deps-companion-scripts-07d8c663e0e7	07d8c663e0e7ec5d2d7336a8d507f4a643a39110	test(env): land zhixing host-sync alias + idempotent ensure
wip/agent_governance-agent_env-deps-companion-scripts-76a846c6b788	76a846c6b78877c8f6d32ea72c3b4241aac88e64	fix(governance): complete ADR-0454 frontmatter + INDEX + script_baseline
wip/agent_governance-agent_env-deps-companion-scripts-f12a65bf1761	f12a65bf17614f9ae2042b7fde133741a7d4d949	fix(registry): register zhixing_host_sync.py in script-registry
wip/agent_governance-agent_expiry-radar-6aefac16a7cb	6aefac16a7cbc3635144594248f6f79c12328cc9	feat(gac): 过期雷达 — 让 SLA 越界提前可见, 而不是爆炸当天挡住所有 PR
wip/agent_governance-agent_ext-write-root-bridge-a8b73022cbad	a8b73022cbad8b044b7a2cf47959e6d137b30db0	docs(ledger): use reproducible uv pytest verification
wip/agent_governance-agent_fix-4171-phase-gate-cockpit-submodule-5b5980c7b499	5b5980c7b4992f9972ae223d15266bfb66b45e1e	fix(ci): init projects/cockpit submodule in phase-gate-enforce (PR #4171)
wip/agent_governance-agent_fix-4186-t5-03-evidence-3a114ae79316	3a114ae79316239ff84ae4f41418f763a5380646	fix(ledger): complete BET-Y2Q2-T5-03 completion evidence
wip/agent_governance-agent_fix-a4-rf0-gates-13799bfddc90	13799bfddc90e9914af8987c6ee28f6d976196f7	fix(governance): A4 门禁 — 登记 mimo-models-sync 孤儿 cron
wip/agent_governance-agent_fix-ack-test-env-guard-6ef82e16ba1e	6ef82e16ba1e354b02ef526fe73937ecc89d77b0	fix(tests): worker-ack 集成级测试加环境守卫 — 缺子模块链时优雅跳过而非失败
wip/agent_governance-agent_fix-adr-0402-dup-e7e912d31973	e7e912d31973819ca5857dc3e081a1776b4e1768	fix(adr): 消除 ADR-0402 编号重复 — 新 ADR 让号为 0453
wip/agent_governance-agent_fix-adr-0453-regression-a959561d4296	a959561d42967decaaf8cfe625bc8982b2c4c163	fix(adr): 修复 #4110 引入的 ADR 一致性回归
wip/agent_governance-agent_fix-adr-0453-regression-ab259e24e7b9	ab259e24e7b90c5cb61e07916f7974beba6d4e3a	fix(adr): 修复 #4110 引入的 ADR 一致性回归
wip/agent_governance-agent_fix-adr-coverage-enforce-e9e1998a5c52	e9e1998a5c52577a874a1de625f3ac4c2c4f6f8f	fix(adr): adr-coverage --json 恢复退出码契约 — 使「阻断性」检查真正阻断
wip/agent_governance-agent_fix-clone-lifecycle-fence-contract-086d032d7e6b	086d032d7e6b952957a329ed3bf28ea6a1d3235e	fix(gac): align clone-lifecycle legacy publish fence adapter with broker issue/enter/settle contract
wip/agent_governance-agent_fix-clone-lifecycle-fence-contract-521863ba46c3	521863ba46c3b6fafd7f2e8d30840d8a24233f21	docs(ledger): BET-Y1Q4-T10-174 complete transition to done with done_at
wip/agent_governance-agent_fix-integration-stale-tests-679d1fedca62	679d1fedca62b0225210a067382071787c03f6e4	fix(tests): workflow_mesh 存量失败清零 — 过时断言/缺失身份/陈旧路径/命名空间遮蔽
wip/agent_governance-agent_fix-journey-engine-outcome-bugs-e1003cf02004	e1003cf0200419ca2c1410b2c7afc5827afe52f6	fix(journey-engine): prefix-flexible card lookup + calibration subprocess path
wip/agent_governance-agent_fix-omo-gitlink-bump-49e1ee4523b9	49e1ee4523b9a75237b8978a2d9deff8a91446a5	chore(submodule): bump omo pointer — debt review queue terminal-vocab fix (#183)
wip/agent_governance-agent_fix-omo-gitlink-review-queue-39c29e008fde	39c29e008fdee48f0f9711940ae71533ae9e61a1	chore(submodule): bump omo gitlink — debt review queue terminal-vocab fix (#183)
wip/agent_governance-agent_fix-orphan-test-rot-24653bb6e251	24653bb6e251a07773556417281d95a128a7aa48	fix(tests): 主仓测试集可完整收集 — 修 1 处真腐化 + 3 处环境依赖优雅降级
wip/agent_governance-agent_fix-panorama-multica-timeout-02e6d382e860	02e6d382e8604cbbc0985b3c3f3782e7cdd39e14	fix(panorama): Multica 超时常量与 Claims 错误契约 — 使 2 个存量失败测试转绿
wip/agent_governance-agent_fix-project-tests-env-guard-3b5302f4225a	3b5302f4225a2977406c724cc22502c89d155848	fix(tests): tests/projects/omo/* 加 omo 导入守卫 — 主仓侧优雅跳过
wip/agent_governance-agent_fix-root-test-coverage-count-77efaa672e59	77efaa672e59aecafb0510783a714d4e2984b195	fix(registry): 根层测试债判定表 ci_coverage 计数修正 26 → 15（含实测验证）
wip/agent_governance-agent_fix-scene-graph-test-58339166885a	58339166885a2bf4b926f1bf472e493625c8f933	fix(tests): scene-graph entry-point 断言纠正 — 多根森林中 entry 非拓扑序首位
wip/agent_governance-agent_fix-scheduler-compile-planes-20260919-d6287e213e29	d6287e213e29271914f9ef985132d39c3634a027	fix(scheduler): compile_crontab 平面过滤 — 只输出 active crontab 平面条目
wip/agent_governance-agent_fix-semantic-gate-enforce-c67e86090905	c67e860909059b8a604f5784b8828f1e421b7f9b	fix(gac): governance-semantic-gate 移出 SOFT_CHECKS — 让内部 blocking 子检查真正阻断
wip/agent_governance-agent_fix-sfop-live-assertion-39d53fac2f6d	39d53fac2f6d7be2ef0bfd4a1d20bd803e93d3e8	fix(tests): sfop-slots live 断言改为派生不变量 — 解除对槽位空缺的脆弱快照依赖
wip/agent_governance-agent_fix-test-collection-gate-b5d5c04548e7	b5d5c04548e7aa8da9ae7b9a13eb87abcbb76f43	fix(gac): test-collection 守卫 env 分类修正 + script_baseline 同步
wip/agent_governance-agent_fix-worker-adapter-ack-test-669157fd305a	669157fd305af4e00bc582cea31378b63d8b13f3	fix(tests): codex worker adapter ACK 测试对齐 record_step_dispatch 契约 — 57/57 通过
wip/agent_governance-agent_freshness-token-a0ca9f700dae	a0ca9f700dae69364955ee331e9ff3ee46a3addd	ci(freshness): pass CROSS_REPO_TOKEN on submodule checkout
wip/agent_governance-agent_gap-decl-remove-c2a52e2fcc6c	c2a52e2fcc6cabddbe3abdcaca129557c13e47b7	fix(debt): 退役 gap 子系统声明 — 移除 3 个从未存在的构造
wip/agent_governance-agent_github-publication-token-hardening-ca93c0c4597e	ca93c0c4597e398c91f67de648e811c0b90ec242	fix(security): remove write-capable checkout tokens
wip/agent_governance-agent_hardcoded-port-registry-ce46d8ca6029	ce46d8ca6029fd0276b6334eadcd8e979a384386	fix(registry): register aetherforge triage gateway port
wip/agent_governance-agent_hardcoded-ports-rest-67e326c076a4	67e326c076a475794e6d192f8ad071721a431009	fix(registry): register redis/zhixing/embed-node ports
wip/agent_governance-agent_honest-degrade-contract-bebbab68d41c	bebbab68d41c70d53554dfe8d4281925d719c30b	docs(standards): add honest-degrade tri-state contract
wip/agent_governance-agent_hygiene-selfreport-7a4a253357d9	7a4a253357d9a5cf654479488a3460e00604782f	fix(ci): 忽略 worktree-hygiene 自检报告 — 审计把自家报告计为 dirty 致周一 cron 必红
wip/agent_governance-agent_ledger-total-bets-fix-b57334c32efb	b57334c32efbc0409ff09b2b1f5778f5fab8dab1	fix(ledger): meta.total_bets 派生修复 439→442（单字段，unbound waiver 落盘）
wip/agent_governance-agent_ledger-total-bets-fix-ec41dc0e7a4d	ec41dc0e7a4d48a8079bb41110f819f84409dd6b	fix(ledger): meta.total_bets 派生修复 439→443（单字段 + waiver 落盘）
wip/agent_governance-agent_main-ws-commit-guard-48346621bbee	48346621bbee6b1cae16d9fb81ee80fc7616071e	feat(gac): 主工作区提交守卫 — 给"主工作区只读"补上执行层
wip/agent_governance-agent_north-star-recovery-20260923-f9d4858bd109	f9d4858bd109c3a4c027340ef899f20de3411166	docs(governance): use valid waiver lifecycle
wip/agent_governance-agent_omlxc-aetherforge-v52-evolution-21984a57ee55	21984a57ee5533cac82b84bd8ae508ceac676ab6	feat(skills): enrich omlxc-compute-fabric skill with agent invocation patterns
wip/agent_governance-agent_omlxc-aetherforge-v52-evolution-f78449394039	f78449394039faf9f86957c023a5473da4ea36f2	fix(submodule): align cockpit-ui and kairon pointers with origin/main
wip/agent_governance-agent_omo-pointer-bump-2-04f5798302fd	04f5798302fdaff192b3edc82a4cb660eaca460b	chore(submodule): bump omo pointer — 债务证据字段等价 (#181)
wip/agent_governance-agent_omo-submodule-shim-45c293629aa9	45c293629aa9f94f1a72d7456905d280b64ec6af	fix(catalog): expose agora.external_connections via package import + alias
wip/agent_governance-agent_ops-comprehensive-drift-426ff582030f	426ff582030f2ec1c15cf0a11e9885eb3d6b137b	test(ops): remove assertions for retired commands
wip/agent_governance-agent_outcome-dir-injection-6859051f3182	6859051f3182b6210ba8b27f2769e556db3be949	merge origin/main into agent/governance-agent/outcome-dir-injection (rebase onto #4111+ fix)
wip/agent_governance-agent_outcome-dir-injection-9f6fed819370	9f6fed8193702f47a930c393c113fbdeaf1c72b2	fix(scene): outcome 落盘走统一解析入口 — 测试夹具不再写进入仓证据面
wip/agent_governance-agent_p0-claims-gat010-08648092ece0	08648092ece07f39d89456cb347284ed9a3fd59e	governance: P0 push — GAT-010 + ADR-0454 + Claims partial closeout + A2/A4/A5
wip/agent_governance-agent_p0-dashboard-observability-combined-20260920-97d76116c42a	97d76116c42af86b03c7861df500a60ab0dd1fa4	fix(panorama): version collector and filter terminal pending authorizations
wip/agent_governance-agent_panorama-claims-projection-20260919-3179f3e8510b	3179f3e8510bbad86845015ae843b0f0ff2a5ee9	fix(panorama): project Claims shadow observation truth consistently
wip/agent_governance-agent_panorama-observation-fallback-20260919-309d054eeae1	309d054eeae12d7a2c32c88a114f2fca57eda634	fix(panorama): fallback Claims observation package location
wip/agent_governance-agent_panorama-observation-fallback-20260919-s2-7f34181c64ec	7f34181c64ec5141ffe16aa5bc344f9aabb8e7a3	fix(panorama): fallback Claims observation package location
wip/agent_governance-agent_panorama-observation-ui-20260919-9d4e50b5c831	9d4e50b5c831dab9729448d318365c51569ec3c7	feat(panorama): render Claims observation window progress
wip/agent_governance-agent_pending-ui-terminal-filter-20260920-b14d8aa0b0b7	b14d8aa0b0b772931932424e0e589d6d2fe5196a	fix(panorama): hide terminal publications from pending authorization UI
wip/agent_governance-agent_phantom-gap-cleanup-802be7ed305e	802be7ed305ec7b5b8475bb74d0ef3ebff72e675	fix(ssot): 幽灵 gap-items 显式化 + 更正消费者清单误记
wip/agent_governance-agent_pitfall-gat-009-50ca7889cf7f	50ca7889cf7f0a5641dff069532307691105ffa9	docs(pitfalls): record PITFALL-GAT-009 unbound governance closeout lane
wip/agent_governance-agent_pitfall-push-route-443-ecdd373f37c6	ecdd373f37c67c49ec7358849fe95801dc56d12c	docs(knowledge): 固化 PITFALL-ENV-003 — GitHub push 443 GIT_SSH_COMMAND 路由保留 canonical URL
wip/agent_governance-agent_py39-cron-compat-dd5b67a82a07	dd5b67a82a077930e7f421629de0b8103a98f41f	fix(cron): datetime.UTC 3.9 兼容 — 修 13 个定时脚本在 cron 下全挂
wip/agent_governance-agent_readd-4171-cockpit-init-3637691515a3	3637691515a37b550e95a067a7d9b3294c465963	fix(ci): init projects/cockpit submodule in phase-gate-enforce (now public)
wip/agent_governance-agent_relative-time-bomb-fix-3cc401bb578c	3cc401bb578cb303ab57e6585de7c5f6c5ae9183	test: reclassify zhixing drift test to D env category
wip/agent_governance-agent_repo-health-fix-07e2bc216f8a	07e2bc216f8a79c6f0d04543be1db0106066a768	fix(audit): 子模块误报 — 标记 covered-by-parent 跳过独立审计
wip/agent_governance-agent_revert-4185-cockpit-init-a51de5bf7690	a51de5bf7690773f0a482abdc60846ee0fed3360	revert(ci): remove projects/cockpit from phase-gate-enforce submodule init (private repo, will go public)
wip/agent_governance-agent_root-gitlink-20260919-01-b54b20a72204	b54b20a7220442da9ed3ed400c0ec3e735e0dba7	fix(submodules): bump cockpit-ui and kairon gitlinks to child main
wip/agent_governance-agent_root-test-debt-closeout-9bbe1f7df1b9	9bbe1f7df1b970b3dc2951238f30c8b53b468799	docs(registry): v4 root-test-debt closeout summary
wip/agent_governance-agent_root-test-debt-triage-d3b123aef0ac	d3b123aef0ac650673d18ebe9455acbe111c07f6	docs(registry): 根层测试债判定表 — 44 文件 / 160 失败逐项根因
wip/agent_governance-agent_rule-wiring-coverage-31e17944365e	31e17944365e60e963ed0b11a3379f4ae664b44c	feat(gac): 规则接线覆盖率清单 — 让"声明了规则但没人执行"可见
wip/agent_governance-agent_skill-git-discipline-ffonly-0fecc7c439f8	0fecc7c439f88e20079418e5722366232387b9f5	docs(skills): git-discipline 增补「看起来成功了」的三类静默失效 (2026-09-21 实证)
wip/agent_governance-agent_surfaces-review-0921-a57713b74178	a57713b74178b5e1d845a754f9949055b1f1fd7d	docs(governance): omo-governance-surfaces 逐项复审 — 解 X2-C05 时间炸弹 + 登记 5 项 zombie assets
wip/agent_governance-agent_surfaces-review-0921-b2ed8b8dda01	b2ed8b8dda01aa252726a9f3f0ac55e2b9296d4b	Merge remote-tracking branch 'origin/main' into agent/governance-agent/surfaces-review-0921
wip/agent_governance-agent_t10-153-closeout-92eb79c44a45	92eb79c44a45c1ad8b944bd3e1cd3ea3f7f05bc6	docs(ledger): complete external write-root claims bridge
wip/agent_governance-agent_t10-154-retro-full-scan-59b207c4cc7f	59b207c4cc7f4f586c68af2914f0fe2c140bb1f3	chore(ledger): BET-Y2Q2-T10-154 done — A9 strategy retro full-scan 验收与 evidence matrix
wip/agent_governance-agent_t10-155-binding-e931fdfef155	e931fdfef155ce9e65595337698230962e4147e7	docs(spec): bind A9 cockpit source workspace-root execution
wip/agent_governance-agent_t10-155-done-ab7cfb7d2e8a	ab7cfb7d2e8aa7a8a225e50d96013c81d600939c	chore(ledger): mark BET-Y2Q2-T10-155 done
wip/agent_governance-agent_t10-155-impl-dbadc83e493e	dbadc83e493efed427de9d125771832ded0c0d8a	docs(retro): record BET-Y2Q2-T10-155 A9 source recovery evidence
wip/agent_governance-agent_t10-156-claims-preflight-e9efcf9ec89c	e9efcf9ec89c86b34f36a3db4a23ea5527e07853	test(gac): cover 5 authority store layouts in claims preflight [BET-Y2Q2-T10-156]
wip/agent_governance-agent_t10-165-persistent-semantics-root-20260913-1c02e004d409	1c02e004d40981cb447b06200cf360d44f25b1d3	chore(omo): restore T10-165 RoleRegistry and Capsule pointer
wip/agent_governance-agent_t10-170-complete-40805dc4084e	40805dc4084e8122063ec05cf438023db8222375	chore(ledger): complete BET-Y1Q4-T10-170 — evidence merged via #4119
wip/agent_governance-agent_t10-170-current-run-projection-4a4d9ab755e1	4a4d9ab755e1fc6164760fdb16b2ba973d9fe368	fix(panorama): project current-run claims as IN_PROGRESS (BET-Y1Q4-T10-170)
wip/agent_governance-agent_t10-170-current-run-projection-c8a990170226	c8a99017022666e1b932efa38f6977fbdd7ddcd0	fix(panorama): project current-run claims as IN_PROGRESS (BET-Y1Q4-T10-170)
wip/agent_governance-agent_t10-170-current-run-projection-f7115245b9a5	f7115245b9a56c9e8c9d2c2338e27b52653dc0a1	fix(panorama): project current-run claims as IN_PROGRESS (BET-Y1Q4-T10-170)
wip/agent_governance-agent_t10-171-canary-close-f7b01f6121af	f7b01f6121afdfd42d7b782f446d84d9f14d6689	docs(retro): T10-171 closure — restart acceptance 2026-09-21T05:18Z receipts recorded
wip/agent_governance-agent_t10-171-complete-7e2d07d0d0cf	7e2d07d0d0cfdc51619f6675de60acec4baeb347	chore(ledger): complete BET-Y1Q4-T10-171 — done after merged canary evidence
wip/agent_governance-agent_t10-171-live-value-readiness-v2-5c91e5302288	5c91e53022886f64e09a03c32f7a48a79584a389	fix(panorama): count only v2 qualifying records toward live value readiness (BET-Y1Q4-T10-171)
wip/agent_governance-agent_t10-171-live-value-readiness-v2-7c134223a977	7c134223a977a9f8dd90b295d01e7ec87e16b881	fix(panorama): count only v2 qualifying records toward live value readiness (BET-Y1Q4-T10-171)
wip/agent_governance-agent_t10-172-ledger-completion-2f56d93246f3	2f56d93246f3d34f0cf6c44951753fda855a8d17	docs(ledger): mark BET-Y1Q4-T10-172 delivery accepted
wip/agent_governance-agent_t10-172-omo-gitlink-0fc9fbd509a2	0fc9fbd509a2c731ace3ad007214cf7fcb62229c	docs(bet): register BET-Y1Q4-T10-172 accepted spec and ledger entry
wip/agent_governance-agent_t10-172-omo-gitlink-158222c5a903	158222c5a90389f5509e96cd9f411950d72f45f4	docs(retro): record BET-Y1Q4-T10-172 PR4094 reconciliation
wip/agent_governance-agent_t10-173-ledger-completion-f788ddc45fc8	f788ddc45fc82d065ae505d42babd928f1325707	docs(ledger): mark BET-Y1Q4-T10-173 delivery accepted
wip/agent_governance-agent_t10-173-root-0f8388ef3322	0f8388ef33228913bb1d72631320e489b80c6cb4	docs(retro): record BET-Y1Q4-T10-173 standalone binding repair
wip/agent_governance-agent_t10-173-root-676a7398f09f	676a7398f09f9c375f72e9e7a5337557e8364a48	fix(submodule): point T10-173 to reachable OMO promotion helper commit
wip/agent_governance-agent_t10-a4-clash-node-watch-882699ded009	882699ded009435eee4c633fa3f07c55b03314d3	fix(a4): whitelist clash-node-watch.sh external job as known orphan [BET-UNBOUND waiver]
wip/agent_governance-agent_t10-closeout-170-171-777a05a7bc07	777a05a7bc074a4eb7f3318fc341272489ba699e	docs(retros): add BET-Y1Q4-T10-170/T10-171 retrospectives
wip/agent_governance-agent_t10-guard-contract-sync-d9dfd4a509c4	d9dfd4a509c4cb59ea0a171c3c3fc2baee958a75	docs(governance): record unbound waiver for guard contract test sync
wip/agent_governance-agent_t4-02-signal-daemon-fc8cbc10236e	fc8cbc10236ec0bc8a45aefc33d8802786cac9fb	docs(bet): BET-Y2Q1-T4-02 signal daemon and resident loop spec and ledger
wip/agent_governance-agent_t4-03-spine-adaptation-67ea6e527312	67ea6e5273129b47a1a417b1f038e6d75921b7ae	fix(governance): move affected-graph receipt from receipts to _control top-level
wip/agent_governance-agent_t5-01-team-mailbox-2251821b9b33	2251821b9b3345214b077a16a5c46ee1b83cc703	chore(ledger): BET-Y2Q2-T5-01 done + completion evidence matrix (BET-Y2Q2-T5-01)
wip/agent_governance-agent_t5-02-mailbox-durability-3d06eba2b054	3d06eba2b054f6040cf5ec224024a5397e540cf6	chore(ledger): BET-Y2Q2-T5-02 done + completion evidence matrix (BET-Y2Q2-T5-02)
wip/agent_governance-agent_t5-03-completion-9218c97cea9d	9218c97cea9d58421fc01e1951425337831ad147	docs(retro): record BET-Y2Q2-T5-03 fork-join evidence
wip/agent_governance-agent_t5-03-completion-v2-9218c97cea9d	9218c97cea9d58421fc01e1951425337831ad147	docs(retro): record BET-Y2Q2-T5-03 fork-join evidence
wip/agent_governance-agent_t7-calibration-fallback-86255f66619f	86255f66619f00c9b32608ca8bbcc6efc0b5e7e7	fix(T7): complete calibration fallback — verify_chain + hermetic tests + omo pointer
wip/agent_governance-agent_t7-calibration-fallback-v2-7f5fc32ba2d4	7f5fc32ba2d4f9460285c737105625669a6a7dbe	feat(T7): reconcile calibration fallback chain behind human gate
wip/agent_governance-agent_t8-02-nav-unification-b6a48f455740	b6a48f4557407c316fc83acadb337c10e09e1e9f	docs(ledger): mark BET-Y2Q2-T8-02 done with completion evidence
wip/agent_governance-agent_t8-03-brief-and-l0-fcb263abbfe2	fcb263abbfe280a02f7f0df6494964f2dbac389f	docs(ledger): mark BET-Y2Q2-T8-03 done with completion evidence
wip/agent_governance-agent_t8-04-closeout-bootstrap-bec3480a8f34	bec3480a8f34b735e2c04f961134de1008d96927	docs(spec): bind BET-Y2Q2-T8-04 write-integrity recovery
wip/agent_governance-agent_t8-04-closeout-successor-52262e05c964	52262e05c964e802d5c9268a2a797e82bce145ae	docs(spec): bind BET-Y2Q2-T8-04 write-integrity recovery
wip/agent_governance-agent_t8-04-write-integrity-8cd5a83841c1	8cd5a83841c1fbb2136ecf88ac3fa0c0f28ae67c	docs(ledger): BET-Y2Q2-T8-04 mark done with completion evidence and deduplicate spec
wip/agent_governance-agent_t8-04-write-integrity-95d389b1b952	95d389b1b952f67515ec263df5a1364c74e3f9dc	docs(ledger): BET-Y2Q2-T8-04 mark done with completion evidence
wip/agent_governance-agent_total-bets-derived-65d952deab8d	65d952deab8d4dae08026498dbd9635cd09e4cbc	fix(ledger): derive meta.total_bets from entries + always-fail drift gate
wip/agent_governance-agent_value-baseline-recovery-20260920-e4e6cc77b689	e4e6cc77b6896af8aaae1dfd7e6e3cfd23ed4e6b	chore(value): restore frozen recorder baseline
wip/agent_governance-agent_value-loop-evolution-2493334f3843	2493334f38432dba5b61ed713169b148b78748cd	feat(bet): BET-Y2Q1-T4-01 value ingress & qualifying value sampling
wip/agent_governance-agent_value-loop-evolution-aa6a3ab43bf1	aa6a3ab43bf107510f77df66cf19bddaeddbf67b	feat(bet): BET-Y2Q1-T4-01 value ingress & qualifying value sampling
wip/agent_governance-agent_value-operator-doctor-20260919-447ccad2492a	447ccad2492a58bd2d491ae40e9889ef394d6ec1	fix(value): register doctor and sync script baseline
wip/agent_governance-agent_value-operator-runbook-20260920-c66d27bf8bc7	c66d27bf8bc73defe757a65c82e238408fe503bf	docs(value): add real-use operator runbook
wip/agent_governance-agent_value-readiness-v2-only-20260920-1cc5bfca3a39	1cc5bfca3a39a3cfe1ad7ff0b7746bde9789bf8a	fix(value): count only v2 records toward business value target
wip/agent_governance-agent_value-readiness-v2-projection-20260920-8816cd8cd33f	8816cd8cd33f43dcbd357f56564c94d7fc6ee7d9	fix(panorama): count only v2 qualifying records in value readiness
wip/agent_governance-agent_value-v2-bridge-467658d36a64	467658d36a64b8139ffd06261de53d1a4d76330f	feat(value): bridge human scene adjudication to value-evidence/v2
wip/agent_governance-agent_workspace-cleanup-20260919-517d1872b112	517d1872b112497133d4c792705034f66216191f	chore(gitignore): 排除 outline-apps 独立项目本地克隆
wip/agent_governance-agent_zhixing-drift-close-226f641b5a1a	226f641b5a1a34c174920a35fee047990a2578e9	chore(cockpit): 织星宿主检查点 — 捕获线上在途改动 (template.html/refresh.py)
wip/agent_xiamingxing_binding-check-root-scope-20260923-32fcdaa291fc	32fcdaa291fc63c39675bfb81a1c2175de33f31f	fix(gac): read binding-check implementations from the registry's workspace
wip/agent_xiamingxing_entrypoint-binding-check-20260922-326d53c5dc38	326d53c5dc38c11af36b10362d7f4baf548fb491	fix(gac): remove entrypoint_bindings from report
wip/agent_xiamingxing_entrypoint-binding-check-20260922-bc95c143041c	bc95c143041c8e67c8f720ff65f5fcd52ba95108	fix(gac): make entrypoint binding check advisory (non-blocking)
wip/agent_xiamingxing_entrypoint-binding-check-20260922-ce7bbcea7efc	ce7bbcea7efc85d2319a2db9757a9e8fdcb1f217	fix(gac): bind declared MCP tool surfaces to the servers that implement them
wip/agent_xiamingxing_fix-t5-03-completion-evidence-1d0829820c88	1d0829820c88e011a1f0ee7d89deaffb877622fb	merge: resolve ledger conflicts (take main's evaluating completion_evidence)
wip/agent_xiamingxing_fix-t5-03-completion-evidence-4a166db79c95	4a166db79c95e5223a9b13830176c19383c35fa9	fix: complete BET-Y2Q2-T5-03 completion evidence
wip/agent_xiamingxing_fix-t5-03-completion-evidence-60537d993804	60537d9938046f8cdf7e57efa8d39ca267b1de49	chore: complete BET-Y2Q2-T5-03 retro and ledger status
wip/agent_xiamingxing_fix-t5-03-ledger-status-2ca1c9c9d147	2ca1c9c9d147f103cda27f474d1ff120645137a5	fix(ledger): revert T5-03 completion_evidence to evaluating
wip/agent_xiamingxing_fix-t5-03-ledger-status-4a166db79c95	4a166db79c95e5223a9b13830176c19383c35fa9	fix: complete BET-Y2Q2-T5-03 completion evidence
wip/bet-dashboard-reorg-20260920-481faa6e3819	481faa6e38195f383a84519a07e3053691325460	docs(bet): 登记 dashboard 战略重组 3 BET (Y2Q2-T8-02/03/04)
wip/chore_archive-completed-remediation-2b96810b4f3b	2b96810b4f3b44044c5f6d65afeef5ac4fec53cc	fix(debt): 退役 gap management 系统声明 — 移除从未实现的字段 (#4047)
wip/chore_archive-completed-remediation-d1d4b9b9b530	d1d4b9b9b5303b6ff9dce28fa24bb81ecce8646e	chore(remediation): archive 13 completed/done/wontfix items to _archive/
wip/chore_bet-closeout-t10-169-09b53798f3ef	09b53798f3ef96c7c5890f0c81abece39d3bbfcd	chore(bet): close BET-Y1Q4-T10-169 — Dependabot root scope repair done
wip/chore_bet-closeout-t10-169-244c28364aa4	244c28364aa4fc3897a2836ec676c7b0237cb697	chore(bet): close BET-Y1Q4-T10-169 — Dependabot root scope repair done
wip/chore_cleanup-stale-needs-human-8a434bd76272	8a434bd76272d35e4d9464efc5440c8e45199274	chore(tasks): delete stale needs-human planned files — ADR-0247 demoted 2 months ago
wip/chore_cleanup-stale-planned-bets-ee177bbb3dc5	ee177bbb3dc58602418f17f4d03d7d127b2b094b	chore(tasks): remove stale T12 planned file — work already delivered
wip/chore_cleanup-stale-t10-141-5ee068f77060	5ee068f7706026308a9c9f6e1848a20684f51a83	fix(panorama): count real signal-poller events instead of leaving them uncounted
wip/chore_cleanup-stale-t10-141-d4abd5b44709	d4abd5b447091b1813c853e22a2e85bf978023cb	chore(tasks): remove stale T10-141 planned file — work already delivered
wip/chore_cockpit-godmodule-bump-0e25e1c791bb	0e25e1c791bbc5ea5ad3803bcc82f919e1ac0dd5	chore(submodule): include cockpit cascading test repairs in god-module bump
wip/chore_cockpit-godmodule-bump-clean-22dd5616c28e	22dd5616c28e87248a73a19936c6df5b754c233d	chore(submodule): advance cockpit after root-layout test repair (#196)
wip/chore_lane4-submodule-pointer-bump-2026-09-18-611fcab9d87d	611fcab9d87de4fe294dc49752fbd3e74781b615	chore(submodules): bump kairon/omo gitlinks for lane4 docs follow-ups
wip/chore_multiscale-gap-adr0402-32cb2d12904e	32cb2d12904e87345af9f9275567127f9314ae86	docs(governance): ADR-0402 把声明/执行鸿沟归为多尺度信号, 关闭 DECL_EXEC_GAP
wip/chore_omo-debt-scheduler-c7fe7b38ac12	c7fe7b38ac123aa17bba6a600e36511d1fc98258	ops(launchd): 连续刷新 omo debt 衍生产物, 保持 .omo/debt/*/current.* 常鲜 (RunAtLoad + m5/m35)
wip/chore_restore-y2q2-bet-entries-034708b2060e	034708b2060e6d4c166ae8e6ffc174fb5fb0db34	chore(ledger): restore 3 Y2Q2 BET entries + retros from WIP snapshot
wip/chore_retros-sync-20260919-00269303312c	00269303312cdbd4e4c6b4163ac676975f844030	docs(plan): OMOSTATION-FORWARD-PLAN — 后 3 年路线图 (2026H2 - 2029H1)
wip/chore_retros-sync-20260919-eea101e6a653	eea101e6a653567cb842eea4b846da7a19b5b9cb	docs(retros): 同步 resident agent 复盘 + gitignore 排除运行时产物
wip/chore_ssot-regen-capability-registry-drift-5444f69e8fa8	5444f69e8fa8681af26dc67c9e1dd8897c095c3d	chore(ssot): regen capability registry drift
wip/chore_state-sync-20260919-64e73fa87a86	64e73fa87a86a8ac30701783bbbab6fe4444fc8f	chore(state): 同步多智能体运行态 — retros + 归档 + BET + 子模块指针
wip/feat_agent-federation-b11-20260921-77af4c591905	77af4c591905221504167aa658f147dc0d9174d3	fix(bet): BET 状态从 done 改为 review（避免 retro-due 阻断）
wip/feat_agent-federation-b11-20260921-9e75bc39db4d	9e75bc39db4dcc967f5b9a422ad17f59dbbf70cd	fix(archive): 归档 real-scenario-runner.py (已退役 Phase8 bypass)
wip/feat_agent-federation-b11-20260921-9ea68d7e6d7d	9ea68d7e6d7d7181c569b8a3101fb161baef0250	feat(ssot): B1.1 Agent Federation — 跨 agent 任务 broker + load-balancer
wip/feat_agent-federation-b11-20260921-a005aec85732	a005aec857323f9d9a8b1af375ce89bdb6f1997c	chore: trigger CI
wip/feat_agent-federation-b11-20260921-dfb5022b364b	dfb5022b364b9e749a97d0b45635e49d90e18261	feat(ssot): B1.1 Agent Federation — 跨 agent 任务 broker + load-balancer
wip/feat_bet-status-review-20260920-77af4c591905	77af4c591905221504167aa658f147dc0d9174d3	fix(bet): BET 状态从 done 改为 review（避免 retro-due 阻断）
wip/feat_cockpit-ui-panorama-live-telemetry-88ca9dc8b819	88ca9dc8b81923107085e38aa995e0628554b2a1	feat(cockpit-ui): update submodule pointer for panorama/live telemetry/routes
wip/feat_cockpit-ui-panorama-live-telemetry-b4f54f655a02	b4f54f655a02dc21664245858dba25aa8560a3f9	test(spec-binding-lint): align ahead-pointer expectations with governance-check.yml
wip/feat_dashboard-reorg-20260920-36e28b18ad99	36e28b18ad99b67f93ed780dce32de9ca5ae0d9d	fix(adr): 修复 ADR-0402 重复编号 + 文件未入库 (CI 阻断)
wip/feat_dashboard-reorg-20260920-481faa6e3819	481faa6e38195f383a84519a07e3053691325460	docs(bet): 登记 dashboard 战略重组 3 BET (Y2Q2-T8-02/03/04)
wip/feat_dashboard-reorg-adr-fix-20260920-2320fb0272c2	2320fb0272c287030308b5e7f7adf16c1484143f	fix(adr): 修复 ADR-0402 重复编号 + 文件未入库 (CI 阻断)
wip/feat_dashboard-reorg-adr-fix-20260920-c31e9d06b66c	c31e9d06b66c188210e5f2b2d52c1f44b3949218	fix(tests): 修复 5 个预存测试失败
wip/feat_dashboard-reorg-combined-20260921-92a0560b8c1b	92a0560b8c1b87261fdd6ebe86485df29a63b199	feat(ssot): B1.1 Agent Federation — 跨 agent 任务 broker + load-balancer
wip/feat_dashboard-reorg-final-20260921-390793bde217	390793bde21767af50b60e140b1ae3f441f8c90a	fix(docs): INDEX.md lifecycle index→pattern
wip/feat_dashboard-reorg-final-20260921-a005aec85732	a005aec857323f9d9a8b1af375ce89bdb6f1997c	chore: trigger CI
wip/feat_quarterly-report-automation-20260920-77af4c591905	77af4c591905221504167aa658f147dc0d9174d3	fix(bet): BET 状态从 done 改为 review（避免 retro-due 阻断）
wip/feat_quarterly-report-automation-20260920-cde5c1f2d211	cde5c1f2d211e914398a46ff0ce85012500239c0	fix(governance): 修复 script-registry + service-config + B1.3 跨域学习分类
wip/feat_timeout-audit-gate-386f057aeeea	386f057aeeea651914c918961257c78362a496f4	docs(patterns): INDEX for P97-P105 catalog
wip/feat_wire-5-paper-scenes-to-bos-backends-01e34cf27c85	01e34cf27c85d55847ce9fa555fcfac278d452c8	feat(scenes): wire 5 paper scenes to verified BOS backends
wip/fix_agent-clone-hardening-7d95d94086b6	7d95d94086b67bec6506721e83dbda36b26a7163	test(agent-clone): apply ruff format to new hardening tests
wip/fix_doc-governance-budget-20260921-f1b831e3fd6e	f1b831e3fd6e3b50c1bc3955a39f3ca1117676cf	fix(governance): increase stale-review-omo-standards budget to 50
wip/fix_doc-governance-budget-safety-20260921-62093b7baaf5	62093b7baaf51b27c56b3e0b95eb36a011059153	chore(retros): sync resident retro index and topic summaries
wip/fix_doc-governance-budget-safety-20260921-b69609309eaf	b69609309eaf01c3404dea590b391c4b11ddfe48	fix(governance): raise zero-margin budgets to 15 for CI safety
wip/fix_doc-governance-budget-safety-20260921-v2-050d8c98432b	050d8c98432b1feb5883593b86ef8d5409fde8d6	chore(bet): closeout BET-Y1Q2-T7-01 workflow run 20260921T065903Z-bet-execution-5d3ba2b1
wip/fix_engineering-delivery-importer-fallback-1ea95dc85eff	1ea95dc85eff0fade061f15be60c15c690a6fe16	chore: bump script_baseline 699→700 for test_fallback_receipt.py
wip/fix_engineering-delivery-importer-fallback-3bd5dd11e211	3bd5dd11e211772181aeb44b16934977274ebf0f	Merge origin/main into fix/engineering-delivery-importer-fallback
wip/fix_engineering-delivery-importer-fallback-6207eaacf1ad	6207eaacf1ad9f3abc5fe512113739478ecf9b1e	fix: ensure fallback engineering-delivery receipt records workflow state before evidence
wip/fix_engineering-delivery-importer-fallback-6f87e04bdb0e	6f87e04bdb0eb019da7a80759dde1c2154d6388b	chore(retros): sync resident retro index and generated drafts on main
wip/fix_engineering-delivery-importer-fallback-e058883451ed	e058883451ed9d612c99d3ca68a4ea3cf62f060f	fix(submodule): 恢复 cockpit/omo 前进指针 — gitlink-ancestry 修复
wip/fix_pr3969-gate-130e0011a9d7	130e0011a9d7dd0ba53b404751821c10422d2580	fix(gate): sync script_baseline 677→678 for doc_legs.py (#3969 gate fix)
wip/fix_pre-existing-test-failures-481faa6e3819	481faa6e38195f383a84519a07e3053691325460	docs(bet): 登记 dashboard 战略重组 3 BET (Y2Q2-T8-02/03/04)
wip/fix_pre-existing-test-failures-942e62a011f5	942e62a011f55af6c1e708921584e73c0d7ae755	fix(tests): 修复 5 个预存测试失败
wip/fix_pre-existing-test-failures-b8573eb07f14	b8573eb07f148a76a4163a41dddcbd79a9be5d4c	fix(tasks): 修复 current-state-coherence 任务数不匹配 (CI 阻断)
wip/fix_pre-existing-test-failures-c31e9d06b66c	c31e9d06b66c188210e5f2b2d52c1f44b3949218	fix(tests): 修复 5 个预存测试失败
wip/fix_repo-health-false-positive-4124-59891b02218e	59891b02218e624598311612181b1123d14b7ffa	fix(repo-health): eliminate false-positive high-risk alerts (#4124)
wip/fix_root-dir-governance-lads-20260921-1334a7f77cea	1334a7f77ceab8b60db16560ebdcc6607ca0475d	fix(governance): register LADS/ in root-directory-governance local_surfaces
wip/fix_scene-domain-tags-and-governance-c8461c5efc05	c8461c5efc05d89e2205c4b67ab0bba7bbd46a12	fix(scenes): correct domain tags (health/research) + add governance scenes
wip/fix_t11-env-resolver-unify-420d6587bc5c	420d6587bc5c4e1152feec623802449c8b947886	fix(T11): env_resolver 统一替换 — cockpit 9 处 parents[N] 硬编码清理
wip/fix_t11-env-resolver-unify-74ebfb017cec	74ebfb017cec66f81090b7954f35f03eb4a43e4d	fix(T11): env_resolver 统一替换 — cockpit 9 处 parents[N] 硬编码清理
wip/main-04f07d89e19d	04f07d89e19d4ff4b394f1eea6d6a61004456c27	test(catalog): align failed probe / descriptor-only / empty assertions
wip/main-1464a6f61a28	1464a6f61a28f3c1373bceff0df0587b5a54627f	fix(governance): 注册 LADS/ 到 root-directory-governance policy
wip/main-1abbf505e775	1abbf505e775333a53cde527da630a5e5d25cc94	fix(bet): BET 状态从 done 改为 review（避免 retro-due 阻断）
wip/main-2320fb0272c2	2320fb0272c287030308b5e7f7adf16c1484143f	fix(adr): 修复 ADR-0402 重复编号 + 文件未入库 (CI 阻断)
wip/main-2b96810b4f3b	2b96810b4f3b44044c5f6d65afeef5ac4fec53cc	fix(debt): 退役 gap management 系统声明 — 移除从未实现的字段 (#4047)
wip/main-466a53be8f31	466a53be8f314c91345640e21780b9a70d47978e	docs(retros): STRATEGIC-3YEAR-PLAN-COMPLETION — 三年度治理计划完成
wip/main-4ddfa8a118e5	4ddfa8a118e54d3c7e77599be541771eba6ab523	fix(bet): BET 状态从 done 改为 review（避免 retro-due 阻断）
wip/main-4eee1a4179c2	4eee1a4179c2a8930c78741d5808a66ce8926643	docs(clash): 知识文档刷新 — 三Reality铺开/STUN桥接/node-watch/inventory/挂账更新
wip/main-5ee068f77060	5ee068f7706026308a9c9f6e1848a20684f51a83	fix(panorama): count real signal-poller events instead of leaving them uncounted
wip/main-64e73fa87a86	64e73fa87a86a8ac30701783bbbab6fe4444fc8f	chore(state): 同步多智能体运行态 — retros + 归档 + BET + 子模块指针
wip/main-6f87e04bdb0e	6f87e04bdb0eb019da7a80759dde1c2154d6388b	chore(retros): sync resident retro index and generated drafts on main
wip/main-77af4c591905	77af4c591905221504167aa658f147dc0d9174d3	fix(bet): BET 状态从 done 改为 review（避免 retro-due 阻断）
wip/main-8161f8174491	8161f8174491f2f31c5e3a940fced125976b7c33	fix(bet): BET 状态从 done 改为 review（避免 retro-due 阻断）
wip/main-842eeb4d1563	842eeb4d1563c9037b57082cba30845900b69b79	fix(governance): increase stale-review-omo-standards budget to 50
wip/main-9230ef04fa8a	9230ef04fa8a4204c23ec36e547ac83069840cb0	chore(remediation): archive 13 completed/done/wontfix items to _archive/
wip/main-92a0560b8c1b	92a0560b8c1b87261fdd6ebe86485df29a63b199	feat(ssot): B1.1 Agent Federation — 跨 agent 任务 broker + load-balancer
wip/main-93185b963580	93185b96358076f996ad1c56ad9b9b4fe7387db8	fix: complete BET-Y2Q2-T5-03 completion evidence
wip/main-9bbe1f7df1b9	9bbe1f7df1b970b3dc2951238f30c8b53b468799	docs(registry): v4 root-test-debt closeout summary
wip/main-b5f64d9a81d2	b5f64d9a81d29c8fe52a2d79c21856dc1753ce09	test: align behaviour-drift tests with current SSOT
wip/main-cc5ad23db118	cc5ad23db118422f551e4ca5552817781e9b50d1	chore: clash-node-architecture frontmatter (auto-fix-loop 补齐, 治理规范化)
wip/main-cea446ddcd05	cea446ddcd051bedb1fa89aebc8cb9544a41d1d7	docs(plan): OMOSTATION-FORWARD-PLAN — 后 3 年路线图 (2026H2 - 2029H1)
wip/main-d1d4b9b9b530	d1d4b9b9b5303b6ff9dce28fa24bb81ecce8646e	chore(remediation): archive 13 completed/done/wontfix items to _archive/
wip/main-df8eba1441bb	df8eba1441bbec0018e1e703d60a7273726125bc	chore(gitignore): 排除运行时产物 + 提交 BET-Y1Q4-T15 性能回归任务
wip/main-f1b831e3fd6e	f1b831e3fd6e3b50c1bc3955a39f3ca1117676cf	fix(governance): increase stale-review-omo-standards budget to 50
wip/main-f5863f06308d	f5863f06308d4f97922bc300fbfe325b20bf3dfa	fix: resolve merge conflict in 3y-bet-ledger.yaml
wip/main-local-divergence-1709e3a88	1709e3a88fb9c53ca3d1728827227320731ac8b3	docs(retros): STRATEGIC-3YEAR-PLAN-COMPLETION — 三年度治理计划完成
wip/main-redundant-retro-6f87e04bd	6f87e04bdb0eb019da7a80759dde1c2154d6388b	chore(retros): sync resident retro index and generated drafts on main
wip/recover_main-strategic-3y-plan-1709e3a88fb9	1709e3a88fb9c53ca3d1728827227320731ac8b3	docs(retros): STRATEGIC-3YEAR-PLAN-COMPLETION — 三年度治理计划完成
wip/state-sync-20260919-64e73fa87a86	64e73fa87a86a8ac30701783bbbab6fe4444fc8f	chore(state): 同步多智能体运行态 — retros + 归档 + BET + 子模块指针
wip/temp-4210-fix-07d8c663e0e7	07d8c663e0e7ec5d2d7336a8d507f4a643a39110	test(env): land zhixing host-sync alias + idempotent ensure
wip/temp-4210-fix-2a16a433df19	2a16a433df19eb67655ec6489c4d6b670d83343c	fix(registry): register zhixing_host_sync.py alias in script registry
wip/temp-4210-fix-589007853cf6	589007853cf667281c448bb66a33c2e7142e65c2	fix(submodule): sync cockpit-ui pointer with origin/main after PR #4209 merge
